province_name,center_name,center_lat,center_lon,aliases
An Giang,Rạch Giá,10.0125,105.0809,An Giang|Kiên Giang|Rạch Giá
Bắc Ninh,Bắc Giang,21.2819,106.1975,Bắc Ninh|Bắc Giang
Cà Mau,Cà Mau,9.1769,105.1524,Cà Mau|Bạc Liêu
Cao Bằng,Cao Bằng,22.6666,106.2640,Cao Bằng
Cần Thơ,Cần Thơ,10.0452,105.7469,Cần Thơ|Hậu Giang|Sóc Trăng
Đà Nẵng,Đà Nẵng,16.0544,108.2022,Đà Nẵng|Quảng Nam
Đắk Lắk,Buôn Ma Thuột,12.6667,108.0500,Đắk Lắk|Đắk Lăk|Đắc Lắc|Phú Yên
Điện Biên,Điện Biên Phủ,21.3860,103.0230,Điện Biên
Đồng Nai,Biên Hòa,10.9574,106.8427,Đồng Nai|Bình Phước|Biên Hòa
Đồng Tháp,Mỹ Tho,10.3600,106.3600,Đồng Tháp|Tiền Giang|Mỹ Tho
Gia Lai,Quy Nhơn,13.7820,109.2192,Gia Lai|Bình Định|Quy Nhơn
Hà Nội,Hà Nội,21.0278,105.8342,Hà Nội
Hà Tĩnh,Hà Tĩnh,18.3428,105.9057,Hà Tĩnh
Hải Phòng,Hải Phòng,20.8449,106.6881,Hải Phòng|Hải Dương
Hồ Chí Minh,Hồ Chí Minh,10.7758,106.7009,Hồ Chí Minh|TP HCM|TP.HCM|TPHCM|HCM|Sài Gòn|Bình Dương|Bà Rịa - Vũng Tàu|Bà Rịa Vũng Tàu|Vũng Tàu
Huế,Huế,16.4637,107.5909,Huế|Thừa Thiên Huế
Hưng Yên,Hưng Yên,20.6464,106.0511,Hưng Yên|Thái Bình
Khánh Hòa,Nha Trang,12.2388,109.1967,Khánh Hòa|Ninh Thuận|Nha Trang
Lai Châu,Lai Châu,22.3862,103.4703,Lai Châu
Lâm Đồng,Đà Lạt,11.9404,108.4583,Lâm Đồng|Bình Thuận|Đắk Nông|Đắc Nông|Đà Lạt|Phan Thiết
Lạng Sơn,Lạng Sơn,21.8537,106.7615,Lạng Sơn
Lào Cai,Yên Bái,21.7168,104.8986,Lào Cai|Yên Bái
Nghệ An,Vinh,18.6796,105.6813,Nghệ An|Vinh
Ninh Bình,Ninh Bình,20.2506,105.9745,Ninh Bình|Nam Định|Hà Nam
Phú Thọ,Việt Trì,21.3227,105.4019,Phú Thọ|Vĩnh Phúc|Hòa Bình|Việt Trì
Quảng Ngãi,Quảng Ngãi,15.1205,108.7923,Quảng Ngãi|Kon Tum
Quảng Ninh,Hạ Long,20.9712,107.0448,Quảng Ninh|Hạ Long
Quảng Trị,Đồng Hới,17.4689,106.6223,Quảng Trị|Quảng Bình|Đồng Hới
Sơn La,Sơn La,21.3256,103.9188,Sơn La
Tây Ninh,Tân An,10.5359,106.4137,Tây Ninh|Long An|Tân An
Thái Nguyên,Thái Nguyên,21.5942,105.8482,Thái Nguyên|Bắc Kạn|Bắc Cạn
Thanh Hóa,Thanh Hóa,19.8067,105.7852,Thanh Hóa
Tuyên Quang,Tuyên Quang,21.8236,105.2180,Tuyên Quang|Hà Giang
Vĩnh Long,Vĩnh Long,10.2396,105.9572,Vĩnh Long|Bến Tre|Trà Vinh
