source,source_field,canonical_field,rule,status,notes
guland,_source,source,"lower(trim(value)); fallback constant guland",READY,"Tên nguồn"
guland,,source_group,"constant mua_ban_nha_mat_pho_mat_tien",DERIVED,"Crawler hiện chạy endpoint mua bán nhà mặt phố/mặt tiền"
guland,listing_id,source_id,"concat('guland_', cast(listing_id as string))",DERIVED,"Khóa nghiệp vụ ổn định"
guland,listing_id,ad_id,"trim(cast(listing_id as string))",READY,"ID gốc tại Guland"
guland,title,title,"Unicode NFC; remove control/HTML; trim and collapse whitespace",READY,"Không xóa nội dung quảng cáo tại Silver Core"
guland,price_text,price,"parse Vietnamese price text to VND; agreement/invalid -> NULL",DERIVED,"Ví dụ 8.9 tỷ -> 8900000000"
guland,price_text,price_str,"clean text and preserve source value",READY,"Dùng để audit/hiển thị"
guland,area_text,area,"parse decimal and m2 unit; <= 0 -> NULL",DERIVED,"Ví dụ 53m² -> 53"
guland,description,rooms,"extract only explicit bedroom patterns such as 3PN or 3 phòng ngủ; otherwise NULL",OPTIONAL,"Card Guland không có rooms cấu trúc"
guland,location_rows,address,"parse JSON/list; retain cleaned full location text",DERIVED,"Giữ cả biểu diễn hành chính mới/cũ để audit"
guland,location_rows,ward,"parse then map through geography reference; uncertain -> NULL",REFERENCE_REQUIRED,"Không lấy chuỗi đầu tiên một cách mù quáng"
guland,location_rows,district_id,"map parsed district to canonical geography reference",REFERENCE_REQUIRED,"STRING"
guland,location_rows,district_name,"parse old/new administrative names then canonical mapping",REFERENCE_REQUIRED,"Uncertain -> NULL"
guland,"features|verified endpoint",category_id,"map specific source features first; fallback house for mua-ban-nha-mat-pho-mat-tien endpoint",DERIVED,"Endpoint là bằng chứng nguồn; không dùng tiện ích làm category"
guland,"features|verified endpoint",category_name,"map specific source features first; fallback Nhà ở for verified house endpoint",DERIVED,"Ví dụ Biệt thự/Shophouse ưu tiên trước fallback Nhà ở"
guland,lat,lat,"cast double; validate pair and range; invalid pair -> NULL",READY,"Cần kiểm tra cùng lon"
guland,lon,lon,"cast double; validate pair and range; invalid pair -> NULL",READY,"Cần kiểm tra cùng lat"
guland,image_url,image,"trim URL; blank -> NULL",READY,"Ảnh đại diện"
guland,listing_url,ad_url,"normalize URL; blank -> NULL",READY,"URL chi tiết tin"
guland,listing_url,source_url,"use normalized listing_url; fallback _crawl_url",DERIVED,"Lineage/audit"
guland,posted_text,posted_at,"parse relative time from scraped_at only when unambiguous; otherwise NULL",OPTIONAL,"Không dùng scraped_at thay posted_at"
guland,_scraped_at,scraped_at,"parse timestamp and normalize Asia/Ho_Chi_Minh",READY,"Bắt buộc"
guland,_source_page,page_fetched,"cast integer; <= 0 -> NULL",READY,"Trang crawl"
guland,price_text,price_m,"parsed price / 1000000 when valid; otherwise NULL",DERIVED,"Không dùng frontage_price_text"
guland,"price_text|area_text",price_per_m2,"canonical parsed price / parsed area when both valid; otherwise NULL",DERIVED,"Giá/m² nguồn chỉ dùng đối chiếu"
guland,"lat|lon",has_coord,"TRUE only when both coordinates are valid; otherwise FALSE",DERIVED,"(0,0) là invalid"
guland,,is_rent,"constant FALSE for verified sale endpoint",DERIVED,"Không suy ra từ title"
batdongsan,_source,source,"lower(trim(value)); fallback constant batdongsan",READY,"Tên nguồn"
batdongsan,"intent|page_type|product_type",source_group,"take first meaningful source grouping; fallback constant ban_can_ho_chung_cu",DERIVED,"Giữ nhóm sản phẩm/giao dịch của nguồn"
batdongsan,listing_id,source_id,"concat('batdongsan_', cast(listing_id as string))",DERIVED,"Khóa nghiệp vụ ổn định"
batdongsan,listing_id,ad_id,"trim(cast(listing_id as string))",READY,"ID gốc tại Batdongsan"
batdongsan,title,title,"Unicode NFC; remove control/HTML; trim and collapse whitespace",READY,"Không xóa nội dung quảng cáo tại Silver Core"
batdongsan,price_text,price,"parse Vietnamese price text to VND; agreement/invalid -> NULL",DERIVED,"Giá thỏa thuận được giữ với price NULL"
batdongsan,price_text,price_str,"clean text and preserve source value",READY,"Dùng để audit/hiển thị"
batdongsan,area_text,area,"parse Vietnamese decimal and m2 unit; <= 0 -> NULL",DERIVED,"Ví dụ 80,33 m² -> 80.33"
batdongsan,"bedrooms_text|bedrooms_aria",rooms,"prefer bedrooms_text; parse explicit bedroom count; otherwise NULL",DERIVED,"Không suy luận từ description khi field cấu trúc đã thiếu"
batdongsan,location_text,address,"clean text and preserve source location",READY,"Địa chỉ/mô tả vị trí trên card"
batdongsan,ward_id,ward,"map source ward_id through geography reference",REFERENCE_REQUIRED,"Không có mapping thì NULL"
batdongsan,district_id,district_id,"map source district_id to canonical district_id",REFERENCE_REQUIRED,"Không dùng trực tiếp nếu namespace mã khác canonical"
batdongsan,"district_id|location_text",district_name,"map source district_id; fallback parse location_text then canonical geography mapping",REFERENCE_REQUIRED,"Uncertain -> NULL"
batdongsan,"category_id|product_type",category_id,"map source category to canonical category_id",REFERENCE_REQUIRED,"Không dùng mã nguồn trực tiếp nếu chưa map"
batdongsan,"category_id|product_type",category_name,"map source category to canonical category_name",REFERENCE_REQUIRED,"Crawler hiện lấy trang căn hộ bán"
batdongsan,"lat|latitude",lat,"parse when a future crawler exposes the field; otherwise NULL",OPTIONAL,"Listing card hiện chưa có tọa độ"
batdongsan,"lon|lng|longitude",lon,"parse when a future crawler exposes the field; otherwise NULL",OPTIONAL,"Listing card hiện chưa có tọa độ"
batdongsan,image_urls,image,"parse JSON/list and take first valid image URL",DERIVED,"Không dùng representative_image nếu đó không phải URL hợp lệ"
batdongsan,listing_url,ad_url,"normalize URL; blank -> NULL",READY,"URL chi tiết tin"
batdongsan,listing_url,source_url,"use normalized listing_url; fallback _crawl_url",DERIVED,"Lineage/audit"
batdongsan,"published_info_text|posted_text|published_at|posted_at",posted_at,"parse only when source value is unambiguous relative to scraped_at; otherwise NULL",OPTIONAL,"Không dùng scraped_at thay posted_at"
batdongsan,_scraped_at,scraped_at,"parse timestamp and normalize Asia/Ho_Chi_Minh",READY,"Bắt buộc"
batdongsan,_source_page,page_fetched,"cast integer; fallback page_number_attr; <= 0 -> NULL",READY,"Trang crawl"
batdongsan,price_text,price_m,"parsed price / 1000000 when valid; otherwise NULL",DERIVED,"Giá canonical theo VND"
batdongsan,"price_text|area_text",price_per_m2,"canonical parsed price / parsed area when both valid; otherwise NULL",DERIVED,"price_per_m2_text chỉ dùng đối chiếu DQ10"
batdongsan,"lat|latitude|lon|lng|longitude",has_coord,"TRUE only when both future coordinate fields are valid; otherwise FALSE",DERIVED,"Tự dùng tọa độ khi crawler bắt đầu cung cấp"
batdongsan,,is_rent,"constant FALSE for verified sale endpoint",DERIVED,"START_URL hiện là ban-can-ho-chung-cu"
nhadatvui,_source,source,"lower(trim(value)); fallback constant nhadatvui",READY,"Tên nguồn"
nhadatvui,"product_slug|product_name",source_group,"prefer cleaned product_slug; fallback product_name",DERIVED,"Nhóm sản phẩm gốc"
nhadatvui,listing_id,source_id,"concat('nhadatvui_', cast(listing_id as string))",DERIVED,"Khóa nghiệp vụ ổn định"
nhadatvui,listing_id,ad_id,"trim(cast(listing_id as string))",READY,"ID gốc tại NhaDatVui"
nhadatvui,title,title,"Unicode NFC; remove control/HTML; trim and collapse whitespace",READY,"Không xóa nội dung quảng cáo tại Silver Core"
nhadatvui,price,price,"cast double; <= 0 -> NULL",READY,"Nguồn hiện cung cấp giá VND"
nhadatvui,price,price_str,"format valid numeric source price as audit/display text; invalid -> NULL",DERIVED,"RAW CSV không có price text gốc"
nhadatvui,area,area,"cast double; <= 0 -> NULL",READY,"Nguồn hiện cung cấp diện tích số"
nhadatvui,rooms,rooms,"cast integer when explicit and >= 0; otherwise NULL",READY,"Không thay thiếu bằng 0"
nhadatvui,address,address,"clean text; blank -> NULL",READY,"Địa chỉ nguồn"
nhadatvui,ward_name,ward,"map ward_code/name through geography reference; uncertain -> NULL",REFERENCE_REQUIRED,"Giữ ward_code trong lineage nếu cần"
nhadatvui,"province_code|ward_code",district_id,"derive only through verified geography reference; otherwise NULL",REFERENCE_REQUIRED,"CSV hiện không có district trực tiếp"
nhadatvui,"province_name|ward_name|address",district_name,"derive only through verified geography reference; otherwise NULL",REFERENCE_REQUIRED,"Không suy đoán yếu từ chuỗi"
nhadatvui,"product_slug|product_name|property_subtype",category_id,"map source product/subtype to canonical category_id",REFERENCE_REQUIRED,"Đã xác minh: nhà mặt phố -> house; kho/nhà xưởng -> commercial; condotel -> apartment; loại mơ hồ -> NULL"
nhadatvui,"product_slug|product_name|property_subtype",category_name,"map source product/subtype to canonical category_name",REFERENCE_REQUIRED,"Ưu tiên subtype cụ thể; không ép BĐS khác hoặc nghỉ dưỡng/trang trại vào nhóm chưa chắc chắn"
nhadatvui,lat,lat,"cast double; validate pair and range; invalid pair -> NULL",READY,"Cần kiểm tra cùng lng"
nhadatvui,lng,lon,"cast double; validate pair and range; invalid pair -> NULL",READY,"Đổi tên lng thành lon"
nhadatvui,first_image_url,image,"trim URL; blank -> NULL",READY,"Ảnh đại diện đầu tiên"
nhadatvui,,ad_url,"NULL until crawler provides a verified listing detail URL",UNAVAILABLE,"Không dùng crawl URL làm ad_url"
nhadatvui,_crawl_url,source_url,"normalize crawl URL for lineage",READY,"URL trang nguồn/audit"
nhadatvui,public_date_ms,posted_at,"cast epoch milliseconds to timestamp in Asia/Ho_Chi_Minh; invalid/future -> NULL",DERIVED,"created_at_ms chỉ giữ để audit"
nhadatvui,_scraped_at,scraped_at,"parse timestamp and normalize Asia/Ho_Chi_Minh",READY,"Bắt buộc"
nhadatvui,_source_page,page_fetched,"cast integer; <= 0 -> NULL",READY,"Trang crawl"
nhadatvui,price,price_m,"valid price / 1000000; otherwise NULL",DERIVED,"Giá canonical theo VND"
nhadatvui,"price|area",price_per_m2,"valid price / valid area; otherwise NULL",DERIVED,"Không dùng min_price/max_price thay price chính"
nhadatvui,"lat|lng",has_coord,"TRUE only when both coordinates are valid; otherwise FALSE",DERIVED,"(0,0) là invalid"
nhadatvui,,is_rent,"constant FALSE for verified sale endpoint",DERIVED,"BASE_URL hiện là mua-ban-nha-dat"
